{"cameraMode":{"drawMode":0,"name":"Shaded","section":"Shading Mode"},"sceneLighting":true,"audioPlay":false,"sceneViewState":{"m_AlwaysRefresh":false,"showFog":true,"showSkybox":true,"showFlares":true,"showImageEffects":true,"showParticleSystems":true,"showVisualEffectGraphs":true,"m_FxEnabled":true},"in2DMode":false,"pivot":{"x":934.2716674804688,"y":-340.0426025390625,"z":1457.5762939453125},"rotation":{"x":0.14635321497917176,"y":0.13221964240074159,"z":-0.019727881997823716,"w":0.9801665544509888},"size":290.247314453125,"orthographic":false}